{
  "threshold": 0.7766610508008257,
  "atr_tp": 0.9476142441408656,
  "atr_sl": 0.6063403381028866,
  "horizon": 1080,
  "vol_min": 0.0020534432409578256,
  "ofi_min": 0.0025359527334183896
}