{
  "threshold": 0.7482984670047121,
  "atr_tp": 1.0518967919330584,
  "atr_sl": 0.802671459514299,
  "horizon": 2160,
  "vol_min": 0.0036135045213459074,
  "ofi_min": 0.023356009347357917
}